Feature,Malware,Benign
com.samsung.android.providers.context.permission.WRITE_USE_APP_FEATURE_SURVEY,0,23
com.android.action.start.msg.service,12,0
com.zong.mobile.PAYMENT,17,0
android.intent.action.MEDIA_BUTTON,0,46
android.permission.WRITE_SMS,505,21
com.jb.gosms.theme.getjar.applytheme.new,0,9
android.permission.SEND_SMS,746,56
com.example.gcm.permission.C2D_MESSAGE,0,6
android.intent.action.SEARCH,28,146
com.game.plugin.service.InstalledRequestService,17,0
Landroid/telephony/TelephonyManager;->getDeviceSoftwareVersion()Ljava/lang/String;,71,14
android.intent.action.NEW_OUTGOING_CALL,20,16
android.intent.action.SET_WALLPAPER,19,5
android.net.wifi.STATE_CHANGE,3,20
android.intent.action.MY_PACKAGE_REPLACED,2,75
android.permission.WRITE_MEDIA_STORAGE,12,10
Landroid/content/pm/PackageManager;->getResourcesForActivity(Landroid/content/ComponentName;)Landroid/content/res/Resources;,0,45
com.sec.android.provider.logsprovider.permission.WRITE_LOGS,0,6
android.permission.BIND_APPWIDGET,17,8
Landroid/net/ConnectivityManager;->getAllNetworks()[Landroid/net/Network;,0,77
android.permission.ACCESS_LOCATION_EXTRA_COMMANDS,11,31
Landroid/content/pm/PackageManager;->getNameForUid(I)Ljava/lang/String;,57,311
Landroid/net/wifi/WifiManager;->getScanResults()Ljava/util/List;,97,178
com.google.android.gms.analytics.ANALYTICS_DISPATCH,0,97
Landroid/content/pm/PackageManager;->setInstallerPackageName(Ljava/lang/String; Ljava/lang/String;)V,0,40
Landroid/content/pm/PackageManager;->queryBroadcastReceivers(Landroid/content/Intent; I)Ljava/util/List;,100,754
Landroid/content/pm/PackageManager;->getInstalledApplications(I)Ljava/util/List;,152,278
Landroid/net/wifi/WifiManager;->getDhcpInfo()Landroid/net/DhcpInfo;,1,101
com.elinkway.tvlive2.playUrl,23,0
com.google.zxing.client.android.ENCODE,0,8
com.google.android.gms.gcm.ACTION_TASK_READY,0,44
Landroid/content/pm/PackageManager;->getActivityLogo(Landroid/content/Intent;)Landroid/graphics/drawable/Drawable;,0,39
android.permission.READ_PHONE_STATE,1048,521
com.jb.mms.theme.offical.getjar.new,0,9
com.htc.launcher.permission.WRITE_SETTINGS,2,7
android.permission.BAIDU_LOCATION_SERVICE,56,1
com.huawei.android.launcher.permission.CHANGE_BADGE,0,37
android.intent.action.DOWNLOAD_NOTIFICATION_CLICKED,0,17
Landroid/content/pm/PackageManager;->queryIntentActivityOptions(Landroid/content/ComponentName; [Landroid/content/Intent; Landroid/content/Intent; I)Ljava/util/List;,84,884
com.android.vending.billing.IN_APP_NOTIFY,7,32
android.bluetooth.device.action.ACL_CONNECTED,0,8
android.intent.action.MEDIA_SEARCH,2,7
com.huawei.android.launcher.permission.READ_SETTINGS,7,38
android.intent.action.MEDIA_MOUNTED,57,31
Landroid/net/ConnectivityManager;->isNetworkTypeMobile(I)Z,51,0
android.permission.BLUETOOTH,66,156
com.g3app.showapp.downloadcompleted,14,0
com.android.browser.permission.READ_HISTORY_BOOKMARKS,180,37
com.google.android.gms.auth.api.phone.SMS_RETRIEVED,0,14
Landroid/net/ConnectivityManager;->getBackgroundDataSetting()Z,28,75
com.oppo.launcher.permission.READ_SETTINGS,2,35
Landroid/content/pm/PackageManager;->hasSystemFeature(Ljava/lang/String;)Z,127,1161
android.app.action.DEVICE_ADMIN_DISABLED,3,3
android.permission.MODIFY_PHONE_STATE,114,17
android.intent.action.DATE_CHANGED,14,15
android.permission.USE_FINGERPRINT,0,40
Landroid/content/BroadcastReceiver;->setResultCode(I)V,0,155
android.permission.STORAGE,0,6
android.intent.action.LOCALE_CHANGED,3,58
android.intent.action.QUICKBOOT_POWERON,23,45
Landroid/telephony/TelephonyManager;->getVoiceMailNumber()Ljava/lang/String;,69,13
com.urbanairship.actions.SHOW_LANDING_PAGE_INTENT_ACTION,0,14
com.htc.launcher.permission.UPDATE_SHORTCUT,0,55
android.permission.CHANGE_CONFIGURATION,43,18
Landroid/telephony/TelephonyManager;->isNetworkRoaming()Z,24,73
Landroid/net/wifi/WifiManager;->disconnect()Z,2,12
Landroid/telephony/TelephonyManager;->listen(Landroid/telephony/PhoneStateListener; I)V,169,254
android.permission.REBOOT,55,0
android.service.chooser.ChooserTargetService,0,8
Landroid/content/pm/PackageManager;->getInstalledPackages(I)Ljava/util/List;,678,341
android.permission.INSTALL_PACKAGES,112,1
android.permission.RECEIVE_MMS,35,10
android.intent.action.CALL,1,5
android.intent.action.PROVIDER_CHANGED,0,7
com.huawei.launcher3.permission.READ_SETTINGS,2,5
android.permission.SUBSCRIBED_FEEDS_WRITE,0,6
Landroid/content/pm/PackageManager;->getPermissionGroupInfo(Ljava/lang/String; I)Landroid/content/pm/PermissionGroupInfo;,1,41
Landroid/content/pm/PackageManager;->verifyPendingInstall(I I)V,0,40
Landroid/content/pm/PackageManager;->getActivityIcon(Landroid/content/Intent;)Landroid/graphics/drawable/Drawable;,0,44
com.fede.launcher.permission.READ_SETTINGS,0,8
com.samsung.wmanager.ENABLE_NOTIFICATION,0,6
com.sonymobile.home.permission.PROVIDER_ACCESS_MODIFY_CONFIGURATION,7,0
com.baidu.android.pushservice.action.MESSAGE,3,4
android.permission.MODIFY_AUDIO_SETTINGS,32,86
Landroid/telephony/TelephonyManager;->getSubscriberId()Ljava/lang/String;,707,151
Landroid/net/wifi/SupplicantState;->equals(Ljava/lang/Object;)Z,0,7
com.huawei.android.launcher.permission.WRITE_SETTINGS,7,36
com.android.vending.INSTALL_REFERRER,56,590
com.parse.push.intent.OPEN,0,39
android.permission.READ_EXTERNAL_STORAGE,143,431
Landroid/net/ConnectivityManager;->getNetworkCapabilities(Landroid/net/Network;)Landroid/net/NetworkCapabilities;,0,84
com.xiaomi.mipush.ERROR,3,4
net.vrallev.android.job.v14.RUN_JOB,0,12
Landroid/telephony/TelephonyManager;->getSimOperatorGemini(I)Ljava/lang/String;,7,0
android.service.notification.NotificationListenerService,0,26
Landroid/content/pm/PackageManager;->addPermission(Landroid/content/pm/PermissionInfo;)Z,0,41
android.permission.ACCESS_DOWNLOAD_MANAGER_ADVANCED,25,2
android.intent.action.USER_INITIALIZE,2,4
android.permission.VIBRATE,435,641
com.android.XWLauncher.permission.READ_SETTINGS,17,0
com.google.android.gms.permission.ACTIVITY_RECOGNITION,1,30
Landroid/telephony/TelephonyManager;->getPhoneCount()I,0,7
Landroid/telephony/TelephonyManager;->isVoiceCapable()Z,0,6
indivipopup.close.window.operation,0,10
com.elinkway.tvlive2.NextChannel,23,0
com.amazon.device.messaging.intent.RECEIVE,0,19
Landroid/net/ConnectivityManager;->getActiveNetworkInfo()Landroid/net/NetworkInfo;,752,1375
com.google.zxing.client.android.SCAN,0,10
android.permission.USE_CREDENTIALS,19,207
android.permission.RECEIVE_WAP_PUSH,38,6
android.permission.DELETE_CACHE_FILES,11,1
Landroid/content/pm/PackageManager;->queryContentProviders(Ljava/lang/String; I I)Ljava/util/List;,0,53
Landroid/telephony/TelephonyManager;->getSimSerialNumber()Ljava/lang/String;,307,152
com.google.android.gms.actions.SEARCH_ACTION,0,26
Landroid/content/pm/PackageManager;->getDrawable(Ljava/lang/String; I Landroid/content/pm/ApplicationInfo;)Landroid/graphics/drawable/Drawable;,82,865
android.permission.WRITE_CALL_LOG,57,24
android.permission.CALL_PHONE,444,141
Landroid/telephony/TelephonyManager;->getCallState()I,92,103
android.permission.INTERNET,1138,1381
com.google.android.c2dm.intent.REGISTRATION,23,369
android.intent.qq.action.send,19,0
android.intent.action.PACKAGE_RESTARTED,3,4
android.permission.RECEIVE_USER_PRESENT,8,7
android.media.action.MEDIA_PLAY_FROM_SEARCH,0,8
Landroid/content/pm/PackageManager;->getApplicationIcon(Ljava/lang/String;)Landroid/graphics/drawable/Drawable;,186,992
android.permission.SEND_DOWNLOAD_COMPLETED_INTENTS,21,4
Landroid/net/wifi/WifiManager;->getConfiguredNetworks()Ljava/util/List;,10,57
Landroid/content/BroadcastReceiver;->goAsync()Landroid/content/BroadcastReceiver$PendingResult;,0,167
android.appwidget.action.APPWIDGET_DELETED,1,10
Landroid/telephony/TelephonyManager;->getImei(I)Ljava/lang/String;,0,8
com.teslacoilsw.launcher.permission.READ_SETTINGS,0,7
com.clevertap.BG_EVENT,0,6
Landroid/telephony/TelephonyManager;->getNeighboringCellInfo()Ljava/util/List;,83,72
android.permission.ACCESS_DRM,21,1
com.android.alarm.permission.SET_ALARM,10,35
android.intent.action.DOWNLOAD_COMPLETE,1,29
android.permission.ADD_SYSTEM_SERVICE,59,0
Landroid/content/pm/PackageManager;->checkSignatures(Ljava/lang/String; Ljava/lang/String;)I,8,58
com.google.android.c2dm.intent.RECEIVE,23,695
com.inmobi.share.id,2,12
Landroid/net/ConnectivityManager;->isNetworkTypeValid(I)Z,0,22
Landroid/content/pm/PackageManager;->getPackagesHoldingPermissions([Ljava/lang/String; I)Ljava/util/List;,0,39
android.appwidget.action.APPWIDGET_ENABLED,1,11
android.intent.action.CFF,14,0
me.everything.badger.permission.BADGE_COUNT_READ,0,28
android.permission.ACCESS_CORSE_LOCATION,0,8
com.lenovo.launcher.permission.READ_SETTINGS,2,5
com.google.android.launcher.permission.WRITE_SETTINGS,7,3
Landroid/net/wifi/WifiManager;->setCountryCode(Ljava/lang/String; Z)V,52,0
Landroid/content/pm/PackageManager;->getApplicationEnabledSetting(Ljava/lang/String;)I,26,61
android.permission.REQUEST_INSTALL_PACKAGES,0,18
Landroid/net/ConnectivityManager;->registerNetworkCallback(Landroid/net/NetworkRequest; Landroid/net/ConnectivityManager$NetworkCallback;)V,2,67
com.lge.launcher.permission.READ_SETTINGS,0,6
com.baidu.android.pushservice.action.PUSH_SERVICE,3,3
com.google.android.launcher.permission.READ_SETTINGS,7,9
com.baidu.android.pushservice.action.RECEIVE,3,4
com.sec.android.provider.badge.permission.WRITE,0,61
android.permission.INSTALL_DRM,21,3
android.intent.action.MAIN,1118,1391
Landroid/content/pm/PackageManager;->getProviderInfo(Landroid/content/ComponentName; I)Landroid/content/pm/ProviderInfo;,3,53
android.permission.FLASHLIGHT,31,63
android.permission.ACCESS_NETWORK_STATE,926,1332
android.permission.ACCESS_WIFI_STATE,545,625
android.permission.KILL_BACKGROUND_PROCESSES,89,43
android.bluetooth.device.action.ACL_DISCONNECTED,0,8
wbs.netsentry.ACTION_UPDATE_COUNTERS,6,0
com.amazon.device.messaging.intent.REGISTRATION,0,19
com.bwx.bequick.START_QS,14,0
Landroid/content/pm/PackageManager;->isSafeMode()Z,0,50
Landroid/telephony/SmsManager;->sendDataMessage(Ljava/lang/String; Ljava/lang/String; S S [B Landroid/app/PendingIntent; Landroid/app/PendingIntent;)V,9,0
Landroid/content/pm/PackageManager;->getPackageInstaller()Landroid/content/pm/PackageInstaller;,8,720
android.provider.Telephony.SMS_RECEIVED,5,25
archos.permission.FULLSCREEN.FULL,11,0
Landroid/telephony/SmsManager;->divideMessage(Ljava/lang/String;)Ljava/util/ArrayList;,355,37
android.permission.INTERACT_ACROSS_USERS_FULL,1,11
Landroid/telephony/TelephonyManager;->getCellLocation()Landroid/telephony/CellLocation;,225,150
android.permission.WRITE_SECURE,15,0
com.baidu.android.pushservice.action.notification.SHOW,3,3
android.permission.MANAGE_ACCOUNTS,6,116
Landroid/telephony/TelephonyManager;->getLine1Number()Ljava/lang/String;,430,163
android.intent.action.BATTERY_CHANGED,17,1
android.permission.READ_SETTINGS,7,8
Landroid/net/ConnectivityManager;->getRestrictBackgroundStatus()I,5,164
android.intent.action.SIG_STR,100,0
com.sec.android.iap.permission.BILLING,0,7
android.permission.DOWNLOAD_WITHOUT_NOTIFICATION,5,29
com.google.android.c2dm.permission.REGISTER,0,6
Landroid/content/pm/PackageManager;->getApplicationBanner(Landroid/content/pm/ApplicationInfo;)Landroid/graphics/drawable/Drawable;,0,20
android.permission.CHANGE_WIFI_MULTICAST_STATE,1,22
Ldalvik/system/DexClassLoader;-><init>(Ljava/lang/String; Ljava/lang/String; Ljava/lang/String; Ljava/lang/ClassLoader;)V,199,915
android.permission.MANAGE_DOCUMENTS,0,12
android.permission.BIND_ACCESSIBILITY_SERVICE,6,8
android.content.SyncAdapter,1,46
android.intent.action.MANAGE_NETWORK_USAGE,0,7
Landroid/content/pm/PackageManager;->setApplicationEnabledSetting(Ljava/lang/String; I I)V,2,43
com.google.android.c2dm.intent.REGISTER,0,10
com.yandex.metrica.configuration.ACTION_INIT,0,7
Landroid/telephony/TelephonyManager;->getNetworkType()I,243,967
Landroid/telephony/TelephonyManager;->getSimStateGemini(I)I,7,0
Landroid/content/pm/PackageManager;->getText(Ljava/lang/String; I Landroid/content/pm/ApplicationInfo;)Ljava/lang/CharSequence;,0,54
android.provider.Telephony.WAP_PUSH_RECEIVED,3,3
android.intent.action.PHONE_STATE,238,30
Landroid/content/pm/PackageManager;->getActivityLogo(Landroid/content/ComponentName;)Landroid/graphics/drawable/Drawable;,62,188
com.google.android.gm.permission.READ_GMAIL,4,2
android.permission.CLEAR_APP_CACHE,10,17
android.permission.READ_SECURE_SETTINGS,14,1
android.media.action.IMAGE_CAPTURE,2,8
android.net.conn.CONNECTIVITY_CHANGE,120,213
android.permission.EXPAND_STATUS_BAR,28,31
Landroid/net/wifi/WifiManager;->reassociate()Z,0,8
android.app.action.DEVICE_ADMIN_DISABLE_REQUESTED,7,3
com.android.launcher.permission.WRITE_SETTINGS,9,24
Landroid/content/pm/PackageManager;->getPermissionInfo(Ljava/lang/String; I)Landroid/content/pm/PermissionInfo;,14,256
Landroid/net/wifi/WifiManager;->addNetwork(Landroid/net/wifi/WifiConfiguration;)I,6,37
com.google.android.gms.rouse.ACTION_ROUSE,7,0
Landroid/telephony/SmsManager;->getDefault()Landroid/telephony/SmsManager;,505,78
com.urbanairship.push.RECEIVED,0,14
com.anddoes.launcher.permission.READ_SETTINGS,0,10
Landroid/telephony/TelephonyManager;->getImei()Ljava/lang/String;,0,10
Landroid/net/ConnectivityManager;->getLinkProperties(Landroid/net/Network;)Landroid/net/LinkProperties;,0,8
Landroid/content/pm/PackageManager;->resolveContentProvider(Ljava/lang/String; I)Landroid/content/pm/ProviderInfo;,142,1106
Landroid/content/pm/PackageManager;->getActivityBanner(Landroid/content/Intent;)Landroid/graphics/drawable/Drawable;,0,20
android.intent.action.BOOT_COMPLETED,584,405
android.intent.action.WALLPAPER_CHANGED,14,2
Landroid/content/pm/PackageManager;->extendVerificationTimeout(I I J)V,0,39
android.permission.RESTART_PACKAGES,269,36
android.permission.AUTHENTICATE_ACCOUNTS,7,87
android.permission.SET_ALARM,1,5
Landroid/telephony/TelephonyManager;->getSimCountryIso()Ljava/lang/String;,149,351
android.intent.action.TIME_CHANGED,15,0
Landroid/net/wifi/WifiManager;->createMulticastLock(Ljava/lang/String;)Landroid/net/wifi/WifiManager$MulticastLock;,0,12
Landroid/content/pm/PackageManager;->getUserBadgedIcon(Landroid/graphics/drawable/Drawable; Landroid/os/UserHandle;)Landroid/graphics/drawable/Drawable;,0,31
Landroid/telephony/TelephonyManager;->getSimOperator()Ljava/lang/String;,153,310
Landroid/net/ConnectivityManager;->isNetworkSupported(I)Z,53,0
android.bluetooth.adapter.action.STATE_CHANGED,1,11
com.tremorvideo.sdk.android.videoad.Playvideo,0,6
com.google.android.gms.wallet.ENABLE_WALLET_OPTIMIZATION,0,7
com.urbanairship.push.DISMISSED,0,12
com.facebook.sdk.ACTION_CURRENT_ACCESS_TOKEN_CHANGED,0,53
wbs.netsentry.ui.ChartInterfaceStats,6,0
Landroid/content/pm/PackageManager;->getActivityIcon(Landroid/content/ComponentName;)Landroid/graphics/drawable/Drawable;,184,964
Landroid/telephony/TelephonyManager;->getPhoneType()I,221,1018
Landroid/net/ConnectivityManager;->unregisterNetworkCallback(Landroid/net/ConnectivityManager$NetworkCallback;)V,2,78
android.intent.action.SEND,20,124
Landroid/content/BroadcastReceiver;-><init>()V,1136,1397
Landroid/content/pm/PackageManager;->getPackageArchiveInfo(Ljava/lang/String; I)Landroid/content/pm/PackageInfo;,37,112
android.permission.WRITE_SECURE_SETTINGS,37,4
android.intent.action.DEVICE_STORAGE_LOW,0,14
android.intent.action.USER_PRESENT,121,84
android.permission.WRITE_CALENDAR,29,54
Landroid/content/BroadcastReceiver;->getResultCode()I,0,10
android.intent.action.MEDIA_EJECT,2,4
org.adw.launcher.permission.READ_SETTINGS,0,7
Landroid/content/pm/PackageManager;->getApplicationLogo(Ljava/lang/String;)Landroid/graphics/drawable/Drawable;,0,39
android.intent.action.EVENT_REMINDER,0,7
Landroid/telephony/TelephonyManager;->getNetworkCountryIsoGemini(I)Ljava/lang/String;,7,0
android.appwidget.action.APPWIDGET_UPDATE,61,197
Landroid/content/pm/PackageManager;->getSystemAvailableFeatures()[Landroid/content/pm/FeatureInfo;,6,93
Landroid/content/pm/PackageManager;->queryInstrumentation(Ljava/lang/String; I)Ljava/util/List;,0,40
android.intent.action.GET_CONTENT,3,25
android.nfc.action.NDEF_DISCOVERED,6,21
wbs.netsentry.ACTION_RESET_COUNTERS,6,0
com.htc.intent.action.QUICKBOOT_POWERON,0,13
android.permission.CALL_PRIVILEGED,9,3
Landroid/telephony/SmsManager;->sendMultipartTextMessage(Ljava/lang/String; Ljava/lang/String; Ljava/util/ArrayList; Ljava/util/ArrayList; Ljava/util/ArrayList;)V,226,28
com.google.android.googleapps.permission.GOOGLE_AUTH,1,7
com.android.launcher2.permission.READ_SETTINGS,7,7
android.intent.action.ACTION_POWER_DISCONNECTED,9,52
Landroid/content/pm/PackageManager;->canRequestPackageInstalls()Z,0,19
android.permission.RECEIVE_BOOT_COMPLETED,863,426
Landroid/content/pm/PackageManager;->getXml(Ljava/lang/String; I Landroid/content/pm/ApplicationInfo;)Landroid/content/res/XmlResourceParser;,0,40
Landroid/content/pm/PackageManager;->getInstrumentationInfo(Landroid/content/ComponentName; I)Landroid/content/pm/InstrumentationInfo;,0,41
android.intent.action.DIAL,1,10
com.android.ussd.IExtendedNetworkService,26,0
android.intent.action.PACKAGE_ADDED,103,106
android.permission.FOREGROUND_SERVICE,0,60
Landroid/content/pm/PackageManager;->getReceiverInfo(Landroid/content/ComponentName; I)Landroid/content/pm/ActivityInfo;,177,679
android.provider.Telephony.WAP_PUSH_DELIVER,9,6
android.permission.STATUS_BAR,19,3
Landroid/content/pm/PackageManager;->getApplicationBanner(Ljava/lang/String;)Landroid/graphics/drawable/Drawable;,0,20
android.app.action.DEVICE_ADMIN_ENABLED,247,17
android.permission.BROADCAST_SMS,33,0
org.agoo.android.intent.action.RECEIVE,3,4
Landroid/net/ConnectivityManager;->startUsingNetworkFeature(I Ljava/lang/String;)I,4,8
com.google.android.gms.wearable.MESSAGE_RECEIVED,0,13
Landroid/content/pm/PackageManager;->addPermissionAsync(Landroid/content/pm/PermissionInfo;)Z,0,41
Landroid/content/pm/PackageManager;->removePackageFromPreferred(Ljava/lang/String;)V,0,40
Landroid/content/pm/PackageManager;->checkSignatures(I I)I,8,44
android.net.VpnService,0,12
com.qihoo360.home.permission.WRITE_SETTINGS,7,1
android.intent.action.PACKAGE_INSTALL,3,7
Landroid/net/wifi/WifiManager;->calculateSignalLevel(I I)I,26,66
com.google.zxing.client.android.SHARE,0,7
Landroid/net/wifi/WifiManager;->getConnectionInfo()Landroid/net/wifi/WifiInfo;,307,687
Landroid/net/wifi/WifiManager;->setWifiEnabled(Z)Z,146,90
Landroid/content/pm/PackageManager;->addPreferredActivity(Landroid/content/IntentFilter; I [Landroid/content/ComponentName; Landroid/content/ComponentName;)V,56,45
Landroid/net/wifi/WifiManager;->updateNetwork(Landroid/net/wifi/WifiConfiguration;)I,1,9
com.baidu.android.pushservice.action.METHOD,3,3
android.permission.WRITE_USER_DICTIONARY,2,15
android.intent.action.BATTERY_LOW,1,23
Landroid/net/ConnectivityManager;->getAllNetworkInfo()[Landroid/net/NetworkInfo;,225,306
Landroid/telephony/TelephonyManager;->getAllCellInfo()Ljava/util/List;,8,68
Landroid/content/pm/PackageManager;->removePermission(Ljava/lang/String;)V,0,41
android.permission.WRITE_CONTACTS,381,71
Landroid/content/pm/PackageManager;->getActivityBanner(Landroid/content/ComponentName;)Landroid/graphics/drawable/Drawable;,0,20
com.bwx.bequick.INIT_STATUSBAR_INTEGRATION,14,0
org.adw.launcher_donut.permission.READ_SETTINGS,0,6
android.net.wifi.SCAN_RESULTS,0,9
Landroid/content/pm/PackageManager;->checkPermission(Ljava/lang/String; Ljava/lang/String;)I,282,1255
android.permission.REQUEST_IGNORE_BATTERY_OPTIMIZATIONS,0,10
android.permission.SET_PREFERRED_APPLICATIONS,5,3
android.intent.action.VIEW,70,603
com.xiaomi.push.PING_TIMER,5,3
android.permission.CHANGE_WIFI_STATE,263,115
android.permission.RECORD_VIDEO,1,6
com.google.firebase.INSTANCE_ID_EVENT,2,59
Landroid/net/ConnectivityManager;->stopUsingNetworkFeature(I Ljava/lang/String;)I,4,7
android.intent.action.PACKAGE_REPLACED,38,91
com.android.vending.billing.RESPONSE_CODE,7,31
com.google.android.finsky.permission.BIND_GET_INSTALL_REFERRER_SERVICE,0,165
Landroid/content/pm/PackageManager;->isInstantApp(Ljava/lang/String;)Z,0,222
wbs.netsentry.ui.InterfaceStatsList,6,0
Landroid/content/pm/PackageManager;->queryIntentActivities(Landroid/content/Intent; I)Ljava/util/List;,362,1276
android.permission.CHANGE_NETWORK_STATE,176,73
Landroid/net/ConnectivityManager;->getActiveNetwork()Landroid/net/Network;,0,60
com.google.android.gallery3d.permission.GALLERY_PROVIDER,0,8
com.parse.push.intent.DELETE,0,39
com.yandex.metrica.IMetricaService,0,11
android.intent.action.BATTERY_OKAY,0,23
android.view.InputMethod,3,17
Landroid/net/ConnectivityManager;->getNetworkInfo(Landroid/net/Network;)Landroid/net/NetworkInfo;,0,62
com.xxx.GS,17,0
Landroid/net/ConnectivityManager;->requestNetwork(Landroid/net/NetworkRequest; Landroid/net/ConnectivityManager$NetworkCallback;)V,0,6
com.google.firebase.MESSAGING_EVENT,2,126
android.permission.DELETE_PACKAGES,35,3
com.sonymobile.home.permission.PROVIDER_INSERT_BADGE,0,34
android.service.textservice.SpellCheckerService,2,4
com.amazon.inapp.purchasing.NOTIFY,0,33
android.permission.RECEIVE_SMS,640,75
Landroid/content/pm/PackageManager;->isPermissionRevokedByPolicy(Ljava/lang/String; Ljava/lang/String;)Z,0,14
com.bwx.bequick.FLASHLIGHT,14,0
Landroid/net/wifi/WifiManager;->compareSignalLevel(I I)I,9,9
android.permission.WRITE_EXTERNAL_STORAGE,750,1036
android.permission.ACCESS_MOCK_LOCATION,6,10
androidx.work.impl.background.systemalarm.UpdateProxies,0,9
Landroid/content/pm/PackageManager;->getResourcesForApplication(Landroid/content/pm/ApplicationInfo;)Landroid/content/res/Resources;,4,156
Landroid/net/wifi/WifiManager;->isScanAlwaysAvailable()Z,3,40
com.google.android.gms.measurement.UPLOAD,0,206
android.permission.TRANSMIT_IR,0,15
Landroid/content/pm/PackageManager;->getComponentEnabledSetting(Landroid/content/ComponentName;)I,12,122
android.permission.DISABLE_KEYGUARD,229,70
android.intent.action.CREATE_SHORTCUT,21,37
android.intent.action.QUICKBOOT_POWEROFF,1,7
com.google.android.apps.dashclock.Extension,0,6
Landroid/telephony/TelephonyManager;->getDeviceId(I)Ljava/lang/String;,0,27
Landroid/net/wifi/WifiManager;->getWifiState()I,52,46
android.intent.action.DEVICE_STORAGE_OK,0,12
Landroid/telephony/TelephonyManager;->getDeviceId()Ljava/lang/String;,995,657
android.permission.PERSISTENT_ACTIVITY,21,7
com.android.browser.permission.WRITE_HISTORY_BOOKMARKS,169,23
com.baidu.android.pushservice.action.notification.CLICK,3,4
android.appwidget.action.APPWIDGET_DISABLED,1,8
android.permission.READ_LOGS,225,74
android.intent.action.INSERT,3,6
android.permission.ACCESS_GPS,33,13
android.permission.ACCESS_CACHE_FILESYSTEM,23,3
Landroid/content/pm/PackageManager;->getApplicationInfo(Ljava/lang/String; I)Landroid/content/pm/ApplicationInfo;,597,1372
android.intent.action.PICK,4,26
android.permission.SYSTEM_ALERT_WINDOW,228,173
Landroid/content/BroadcastReceiver;->abortBroadcast()V,2,10
Landroid/content/pm/PackageManager;->getApplicationIcon(Landroid/content/pm/ApplicationInfo;)Landroid/graphics/drawable/Drawable;,31,150
com.google.android.gms.wearable.DATA_CHANGED,0,6
android.permission.PACKAGE_USAGE_STATS,8,22
Landroid/content/pm/PackageManager;->getLaunchIntentForPackage(Ljava/lang/String;)Landroid/content/Intent;,269,1059
Landroid/net/ConnectivityManager;->registerDefaultNetworkCallback(Landroid/net/ConnectivityManager$NetworkCallback;)V,0,24
Landroid/content/pm/PackageManager;->getUserBadgedLabel(Ljava/lang/CharSequence; Landroid/os/UserHandle;)Ljava/lang/CharSequence;,0,26
android.permission.CAMERA,178,318
Landroid/content/pm/PackageManager;->canonicalToCurrentPackageNames([Ljava/lang/String;)[Ljava/lang/String;,0,40
com.android.launcher.action.INSTALL_SHORTCUT,1,7
com.sonyericsson.home.permission.BROADCAST_BADGE,0,61
android.location.PROVIDERS_CHANGED,0,10
Landroid/content/pm/PackageManager;->getPackageGids(Ljava/lang/String;)[I,5,45
com.urbanairship.push.CHANNEL_UPDATED,0,14
Landroid/content/pm/PackageManager;->getResourcesForApplication(Ljava/lang/String;)Landroid/content/res/Resources;,124,1244
android.permission.REAL_GET_TASKS,7,2
Landroid/content/pm/PackageManager;->getPreferredActivities(Ljava/util/List; Ljava/util/List; Ljava/lang/String;)I,1,53
android.intent.action.SERVICE_STATE,14,3
android.intent.action.ACTION_POWER_CONNECTED,10,57
android.permission.READ_CALL_LOG,62,40
android.permission.READ_OWNER_DATA,3,8
Landroid/net/ConnectivityManager;->requestRouteToHost(I I)Z,4,13
com.google.android.apps.photos.permission.GOOGLE_PHOTOS,0,6
com.android.launcher.permission.READ_SETTINGS,31,33
android.intent.action.ASSIST,0,9
android.accounts.AccountAuthenticator,1,69
Landroid/telephony/TelephonyManager;->getSimState()I,236,226
com.android.msgv4.service,9,0
android.intent.action.RESPOND_VIA_MESSAGE,9,6
android.permission.GET_TASKS,269,194
com.google.android.gms.iid.InstanceID,0,99
android.permission.WAKE_LOCK,590,932
android.permission.READ_SYNC_SETTINGS,30,70
Landroid/content/pm/PackageManager;->getDefaultActivityIcon()Landroid/graphics/drawable/Drawable;,102,863
Landroid/telephony/TelephonyManager;->hasIccCard()Z,0,6
android.permission.MOUNT_UNMOUNT_FILESYSTEMS,160,45
android.permission.UPDATE_DEVICE_STATS,24,4
Landroid/content/pm/PackageManager;->getApplicationLogo(Landroid/content/pm/ApplicationInfo;)Landroid/graphics/drawable/Drawable;,0,44
wbs.netsentry.ACTION_EDIT_PREFERENCES,6,0
com.g3app.pushservice,6,0
Landroid/content/pm/PackageManager;->getPreferredPackages(I)Ljava/util/List;,0,40
android.permission.READ_SYNC_STATS,0,33
android.permission.WRITE_APN_SETTINGS,230,5
Landroid/telephony/TelephonyManager;->getVoiceMailAlphaTag()Ljava/lang/String;,53,6
Landroid/net/wifi/WifiManager;->startScan()Z,88,111
android.permission.INTERNAL_SYSTEM_WINDOW,15,3
Landroid/content/pm/PackageManager;->getApplicationLabel(Landroid/content/pm/ApplicationInfo;)Ljava/lang/CharSequence;,261,1329
com.sec.android.provider.badge.permission.READ,0,64
android.permission.DEVICE_POWER,61,9
android.intent.action.PACKAGE_FULLY_REMOVED,0,11
Landroid/content/pm/PackageManager;->resolveActivity(Landroid/content/Intent; I)Landroid/content/pm/ResolveInfo;,323,1303
Landroid/content/BroadcastReceiver;->setResult(I Ljava/lang/String; Landroid/os/Bundle;)V,0,6
android.permission.ACCESS_DOWNLOAD_MANAGER,30,12
android.permission.WRITE_SETTINGS,290,118
Landroid/telephony/TelephonyManager;->createForSubscriptionId(I)Landroid/telephony/TelephonyManager;,0,6
android.permission.RECORD_AUDIO,107,146
com.android.launcher2.permission.WRITE_SETTINGS,7,4
Landroid/content/pm/PackageManager;->getInstallerPackageName(Ljava/lang/String;)Ljava/lang/String;,31,1096
android.intent.action.TIMEZONE_CHANGED,0,45
android.permission.ACCESS_COARSE_LOCATION,211,431
Landroid/telephony/TelephonyManager;->isDataEnabled()Z,0,70
com.htc.launcher.permission.READ_SETTINGS,2,63
com.google.android.providers.gsf.permission.READ_GSERVICES,1,211
com.google.android.c2dm.permission.RECEIVE,27,717
android.intent.action.REBOOT,23,3
com.android.vending.BILLING,8,400
android.permission.READ_CONTACTS,620,220
com.baidu.android.pushservice.action.media.CLICK,3,3
com.amazon.device.messaging.permission.RECEIVE,0,19
android.permission.BROADCAST_WAP_PUSH,15,0
android.permission.READ_PROFILE,6,53
Landroid/content/pm/PackageManager;->queryIntentServices(Landroid/content/Intent; I)Ljava/util/List;,56,1109
android.permission.UPDATE_APP_OPS_STATS,38,5
Landroid/content/pm/PackageManager;->getSystemSharedLibraryNames()[Ljava/lang/String;,0,46
com.google.android.gms.appinvite.ACTION_PREVIEW,0,65
android.permission.BROADCAST_STICKY,59,75
com.qihoo360.home.permission.READ_SETTINGS,7,1
Landroid/net/wifi/WifiManager;->disableNetwork(I)Z,5,12
com.android.XWLauncher.action.INSTALL_SHORTCUT,17,0
android.permission.NFC,8,45
android.appwidget.action.APPWIDGET_CONFIGURE,4,79
android.intent.action.PACKAGE_CHANGED,22,12
com.android.vending.ACTION_INSTALL_REFERRER,11,0
android.app.action.ACTION_DEVICE_ADMIN_DISABLE_REQUESTED,9,0
Landroid/content/pm/PackageManager;->currentToCanonicalPackageNames([Ljava/lang/String;)[Ljava/lang/String;,0,47
android.intent.action.LOCKED_BOOT_COMPLETED,0,7
com.lz.myservicestart,11,0
Landroid/telephony/TelephonyManager;->getDataState()I,7,32
android.permission.READ_SMS,655,66
Landroid/telephony/SmsManager;->sendTextMessage(Ljava/lang/String; Ljava/lang/String; Ljava/lang/String; Landroid/app/PendingIntent; Landroid/app/PendingIntent;)V,400,60
Landroid/content/BroadcastReceiver;->isInitialStickyBroadcast()Z,0,21
Ldalvik/system/DexClassLoader;->findClass(Ljava/lang/String;)Ljava/lang/Class;,0,7
com.huawei.launcher2.permission.READ_SETTINGS,2,5
Landroid/content/pm/PackageManager;->resolveService(Landroid/content/Intent; I)Landroid/content/pm/ResolveInfo;,18,781
com.android.launcher.permission.INSTALL_SHORTCUT,118,96
android.permission.SYSTEM_OVERLAY_WINDOW,8,7
Landroid/net/ConnectivityManager;->isActiveNetworkMetered()Z,166,1107
Landroid/telephony/TelephonyManager;->getNetworkOperatorName()Ljava/lang/String;,302,716
Landroid/content/pm/PackageManager;->getPackageInfo(Ljava/lang/String; I)Landroid/content/pm/PackageInfo;,732,1374
com.dotc.ime.plugin.MAIN,7,0
android.permission.SUBSCRIBED_FEEDS_READ,1,5
Landroid/telephony/TelephonyManager;->getSimOperatorName()Ljava/lang/String;,153,267
Landroid/telephony/TelephonyManager;->getNetworkOperator()Ljava/lang/String;,261,991
com.bwx.bequick.WARN_FLASHLIGHT,14,0
com.xiaomi.mipush.MESSAGE_ARRIVED,3,3
android.intent.action.SEND_MULTIPLE,1,39
com.google.android.gms.cleaner.shortcut.CleanShortcutActivity,7,0
com.oppo.launcher.permission.WRITE_SETTINGS,2,33
Landroid/content/pm/PackageManager;->getServiceInfo(Landroid/content/ComponentName; I)Landroid/content/pm/ServiceInfo;,55,690
Landroid/content/pm/PackageManager;->isInstantApp()Z,0,222
Landroid/content/pm/PackageManager;->addPackageToPreferred(Ljava/lang/String;)V,1,40
wbs.netsentry.ACTION_EXECUTE_SCHEDULED_ACTION,6,0
com.android.vending.billing.PURCHASE_STATE_CHANGED,7,31
android.permission.PROCESS_OUTGOING_CALLS,100,32
Landroid/net/wifi/WifiManager;->enableNetwork(I Z)Z,10,37
org.android.agoo.client.MessageReceiverService,3,3
android.permission.WRITE_SYNC_SETTINGS,51,72
Landroid/content/BroadcastReceiver;->onReceive(Landroid/content/Context; Landroid/content/Intent;)V,333,1151
com.android.launcher.permission.UNINSTALL_SHORTCUT,23,32
Landroid/net/wifi/WifiManager;->isWifiEnabled()Z,134,241
Landroid/content/pm/PackageManager;->getPackagesForUid(I)[Ljava/lang/String;,48,1097
Landroid/content/pm/PackageManager;->getLeanbackLaunchIntentForPackage(Ljava/lang/String;)Landroid/content/Intent;,0,20
Landroid/telephony/TelephonyManager;->listenGemini(Landroid/telephony/PhoneStateListener; I I)V,7,0
com.sec.android.provider.logsprovider.permission.READ_LOGS,0,6
Landroid/content/pm/PackageManager;->queryIntentContentProviders(Landroid/content/Intent; I)Ljava/util/List;,0,46
Landroid/content/BroadcastReceiver;->isOrderedBroadcast()Z,1,156
android.permission.BLUETOOTH_ADMIN,57,91
Landroid/telephony/TelephonyManager;->getDefault()Landroid/telephony/TelephonyManager;,53,0
com.google.zxing.client.android.SEARCH_BOOK_CONTENTS,0,7
com.android.launcher3.permission.WRITE_SETTINGS,7,13
Landroid/telephony/TelephonyManager;->getSubscriberIdGemini(I)Ljava/lang/String;,7,0
android.intent.action.WEB_SEARCH,2,14
android.intent.action.TIME_SET,18,46
com.elinkway.tvlive2.PreChannel,23,0
com.bwx.bequick.UPDATE_STATUSBAR_INTEGRATION,14,0
Landroid/content/pm/PackageManager;->getUserBadgedDrawableForDensity(Landroid/graphics/drawable/Drawable; Landroid/os/UserHandle; Landroid/graphics/Rect; I)Landroid/graphics/drawable/Drawable;,0,26
com.android.XWLauncher.permission.WRITE_SETTINGS,17,0
android.net.wifi.WIFI_STATE_CHANGED,5,34
android.intent.action.PACKAGE_REMOVED,66,91
com.android.vending.CHECK_LICENSE,28,55
android.permission.SET_WALLPAPER,137,46
Landroid/telephony/TelephonyManager;->getSimCountryIsoGemini(I)Ljava/lang/String;,7,0
android.permission.GET_PACKAGE_SIZE,15,22
android.permission.SET_WALLPAPER_HINTS,19,17
android.permission.HARDWARE_TEST,23,0
com.parse.push.intent.RECEIVE,0,39
android.permission.READ_CALENDAR,9,61
com.lighter.mainscreen,6,0
android.media.action.STILL_IMAGE_CAMERA,5,8
Landroid/net/wifi/WifiManager;->reconnect()Z,4,6
Landroid/net/wifi/WifiManager;->removeNetwork(I)Z,5,33
Landroid/telephony/TelephonyManager;->getDataActivity()I,1,50
android.intent.action.SENDTO,10,20
com.android.launcher3.permission.READ_SETTINGS,7,19
com.firebase.jobdispatcher.ACTION_EXECUTE,0,20
com.baidu.android.pushservice.action.BIND_SYNC,3,3
android.permission.BATTERY_STATS,14,25
android.permission.READ_USER_DICTIONARY,3,14
android.permission.WRITE_INTERNAL_STORAGE,0,19
android.intent.action.SCREEN_OFF,8,8
org.adwfreak.launcher.permission.READ_SETTINGS,0,6
com.majeur.launcher.permission.UPDATE_BADGE,0,51
Landroid/net/wifi/WifiManager;->createWifiLock(Ljava/lang/String;)Landroid/net/wifi/WifiManager$WifiLock;,8,23
Landroid/net/ConnectivityManager;->getNetworkInfo(I)Landroid/net/NetworkInfo;,640,1046
Landroid/net/wifi/WifiManager;->createWifiLock(I Ljava/lang/String;)Landroid/net/wifi/WifiManager$WifiLock;,71,105
Landroid/telephony/TelephonyManager;->getNetworkCountryIso()Ljava/lang/String;,114,385
Ldalvik/system/DexClassLoader;->loadClass(Ljava/lang/String;)Ljava/lang/Class;,199,897
android.accounts.LOGIN_ACCOUNTS_CHANGED,0,17
com.baidu.location.service_v2.6,54,0
android.accessibilityservice.AccessibilityService,4,20
android.intent.action.MEDIA_REMOVED,1,5
android.permission.ACCESS_FINE_LOCATION,255,460
android.intent.action.ACTION_SHUTDOWN,18,26
com.xiaomi.mipush.RECEIVE_MESSAGE,3,4
Landroid/content/pm/PackageManager;->clearPackagePreferredActivities(Ljava/lang/String;)V,5,49
android.intent.action.ACTION_EXTERNAL_APPLICATIONS_AVAILABLE,59,4
Landroid/content/pm/PackageManager;->setComponentEnabledSetting(Landroid/content/ComponentName; I I)V,261,237
cn.pocketdigi.update.alarm,26,0
android.intent.action.HEADSET_PLUG,0,7
android.provider.Telephony.SMS_DELIVER,9,6
Landroid/content/BroadcastReceiver;->getResultExtras(Z)Landroid/os/Bundle;,0,8
android.permission.ACCESS_LOCATION,29,5
android.service.wallpaper.WallpaperService,6,21
android.media.browse.MediaBrowserService,0,8
android.permission.READ_APP_BADGE,0,33
com.anddoes.launcher.permission.UPDATE_COUNT,0,56
android.qq.service,19,0
com.urbanairship.push.OPENED,0,14
android.intent.action.SEARCH_LONG_PRESS,16,7
android.setting.SMS_SENT,18,0
android.media.AUDIO_BECOMING_NOISY,0,26
android.intent.action.AIRPLANE_MODE,1,9
rzp.device_token.share,0,7
android.nfc.action.TECH_DISCOVERED,0,9
android.intent.action.SCREEN_ON,9,12
com.elinkway.tvlive2.ChangeChannel,23,0
Landroid/content/pm/PackageManager;->getActivityInfo(Landroid/content/ComponentName; I)Landroid/content/pm/ActivityInfo;,241,1324
Landroid/content/pm/PackageManager;-><init>()V,0,40
com.google.android.gms.wearable.BIND_LISTENER,0,26
android.intent.action.EDIT,11,26
me.everything.badger.permission.BADGE_COUNT_WRITE,0,28
android.permission.ACCESS_COARSE_UPDATES,11,6
Landroid/net/wifi/WifiManager;->saveConfiguration()Z,4,31
android.intent.action.MEDIA_UNMOUNTED,4,9
android.permission.REORDER_TASKS,19,14
android.permission.WRITE_OWNER_DATA,25,7
Landroid/content/pm/PackageManager;->queryPermissionsByGroup(Ljava/lang/String; I)Ljava/util/List;,0,40
com.evernote.android.job.v14.RUN_JOB,0,12
android.permission.ACCESS_NOTIFICATION_POLICY,0,6
android.permission.GET_ACCOUNTS,181,556
Landroid/content/pm/PackageManager;->getAllPermissionGroups(I)Ljava/util/List;,0,40
android.permissoon.READ_PHONE_STATE,7,0
android.intent.action.CALL_BUTTON,1,5
